-- phpMyAdmin SQL Dump
-- version 4.8.5
-- https://www.phpmyadmin.net/
--
-- 主机： localhost
-- 生成日期： 2021-07-24 14:08:27
-- 服务器版本： 5.7.26
-- PHP 版本： 7.3.4

SET SQL_MODE = "NO_AUTO_VALUE_ON_ZERO";
SET AUTOCOMMIT = 0;
START TRANSACTION;
SET time_zone = "+00:00";


/*!40101 SET @OLD_CHARACTER_SET_CLIENT=@@CHARACTER_SET_CLIENT */;
/*!40101 SET @OLD_CHARACTER_SET_RESULTS=@@CHARACTER_SET_RESULTS */;
/*!40101 SET @OLD_COLLATION_CONNECTION=@@COLLATION_CONNECTION */;
/*!40101 SET NAMES utf8mb4 */;

--
-- 数据库： `php_website`
--

-- --------------------------------------------------------

--
-- 表的结构 `phone`
--

CREATE TABLE `phone` (
  `id` int(11) NOT NULL,
  `name` varchar(255) COLLATE utf8_unicode_ci NOT NULL COMMENT '手机名称',
  `brand` varchar(255) COLLATE utf8_unicode_ci DEFAULT NULL COMMENT '手机品牌',
  `sys` varchar(255) COLLATE utf8_unicode_ci DEFAULT NULL COMMENT '基系统',
  `sys_version` varchar(255) COLLATE utf8_unicode_ci DEFAULT NULL COMMENT '系统版本',
  `brand_sys_verison` varchar(255) COLLATE utf8_unicode_ci DEFAULT NULL COMMENT '品牌系统版本',
  `state` varchar(255) COLLATE utf8_unicode_ci DEFAULT NULL COMMENT '手机状态',
  `get_date` date DEFAULT NULL COMMENT '收纳时间'
) ENGINE=MyISAM DEFAULT CHARSET=utf8 COLLATE=utf8_unicode_ci;

--
-- 转存表中的数据 `phone`
--

INSERT INTO `phone` (`id`, `name`, `brand`, `sys`, `sys_version`, `brand_sys_verison`, `state`, `get_date`) VALUES
(1, 'iphone 6s', 'iphone', 'ios', '12.3.1', NULL, 'normal', '2016-03-15'),
(2, 'iphone 6s plus', 'iphone', 'ios', NULL, NULL, 'break', '2016-03-15'),
(3, 'iphone 6s', 'iphone', 'ios', NULL, NULL, 'break', '2016-03-15'),
(4, 'iphone xr', 'iphone', 'ios', '12.3.1', NULL, 'normal', '2019-03-15'),
(5, '三星 sm-g5700', 'samsung', 'android', '6', NULL, 'normal', '2016-03-15'),
(6, '三星 note4', 'samsung', 'andorid', '6.0.1', NULL, 'normal', '2016-03-15'),
(7, '三星 galasy s6', 'samsung', 'andorid', '7', NULL, 'normal', '2016-03-15'),
(8, '红米 note4', 'redmi', 'android', '6', 'miui 9.6', 'normal', '2016-03-15'),
(9, 'oppo a83', 'oppo', 'android', '7.1.1', 'colorOS 5.2.1', 'normal', '2016-03-15'),
(10, '小米 4c', 'xiaomi', 'android', '7', 'miui 10.1', 'normal', '2016-03-15'),
(11, '华为honor 7x(红)', 'huawei', 'android', '8.0.0', NULL, 'normal', '2016-03-15'),
(12, 'oppo reno', 'oppo', 'android', '9', 'colorOS 6.0', 'normal', '2019-03-15'),
(13, '红米 note 7pro', 'xiaomi', 'android', '9', 'miui 10.3.5', 'normal', '2019-03-15'),
(14, '华为pot-a100a', 'huawei', 'andorid', '10', 'emui 9.0.1', 'normal', '2019-03-15'),
(15, 'vivo iqoo', 'vivo', 'andorid', '9', 'Funtouch OS 9', 'normal', '2019-03-15'),
(16, '小米 9', 'xiaomi', 'andorid', '9', 'miui 10.2.15', 'normal', '2019-03-15'),
(17, 'iphone 8 plus', 'iphone', 'ios', '12.4', NULL, 'normal', '2019-11-02'),
(18, 'iphone 11', 'iphone', 'ios', '12.3.3', NULL, 'normal', '2019-11-02'),
(19, 'iphone 7', 'iphone', 'ios', '12.2.3', NULL, 'normal', '2020-03-11'),
(20, 'iphone 7', 'iphone', 'ios', '12.2.3', NULL, 'normal', '2020-03-11');

-- --------------------------------------------------------

--
-- 表的结构 `test`
--

CREATE TABLE `test` (
  `a` int(11) DEFAULT NULL,
  `b` char(6) COLLATE utf8_unicode_ci DEFAULT NULL
) ENGINE=MyISAM DEFAULT CHARSET=utf8 COLLATE=utf8_unicode_ci;

--
-- 转存表中的数据 `test`
--

INSERT INTO `test` (`a`, `b`) VALUES
(2, 'c2');

-- --------------------------------------------------------

--
-- 表的结构 `tester`
--

CREATE TABLE `tester` (
  `id` int(11) NOT NULL,
  `name` varchar(255) COLLATE utf8_unicode_ci NOT NULL COMMENT '测试员名称',
  `work_status` varchar(255) COLLATE utf8_unicode_ci NOT NULL COMMENT '是否在本部门：0不是 1是',
  `in_date` date DEFAULT NULL COMMENT '进入部门时间',
  `out_date` date DEFAULT NULL COMMENT '离开部门时间'
) ENGINE=MyISAM DEFAULT CHARSET=utf8 COLLATE=utf8_unicode_ci;

--
-- 转存表中的数据 `tester`
--

INSERT INTO `tester` (`id`, `name`, `work_status`, `in_date`, `out_date`) VALUES
(1, '用户A', '1', NULL, NULL),
(2, '用户B', '1', NULL, NULL),
(3, '用户C', '1', NULL, NULL),
(4, '用户D', '1', NULL, NULL),
(5, '用户E', '1', NULL, NULL),
(6, '用户F', '1', NULL, NULL),
(7, '用户G', '1', NULL, NULL),
(8, '用户H', '1', NULL, NULL),
(9, '用户J', '1', NULL, NULL),
(10, '用户K', '1', NULL, NULL),
(11, '用户L', '1', NULL, NULL),
(12, '用户M', '1', NULL, NULL),
(13, '用户N', '1', NULL, NULL),
(14, '用户O', '0', NULL, NULL),
(15, '用户P', '1', NULL, NULL),
(16, '用户Q', '0', NULL, NULL),
(17, '用户R', '1', NULL, NULL),
(18, '用户S', '1', NULL, NULL),
(19, '用户T', '1', NULL, NULL),
(20, '用户U', '1', NULL, NULL),
(21, '用户V', '1', NULL, NULL),
(22, '用户W', '1', NULL, NULL);

-- --------------------------------------------------------

--
-- 表的结构 `use_phone`
--

CREATE TABLE `use_phone` (
  `id` int(11) NOT NULL COMMENT '自增id',
  `phone_id` int(11) NOT NULL COMMENT '手机号码（phone自增id）',
  `user_id` int(11) DEFAULT NULL COMMENT '使用者号码（tester自增id）',
  `use_state` varchar(255) COLLATE utf8_unicode_ci DEFAULT NULL COMMENT '使用状态 use, not_use'
) ENGINE=MyISAM DEFAULT CHARSET=utf8 COLLATE=utf8_unicode_ci;

--
-- 转存表中的数据 `use_phone`
--

INSERT INTO `use_phone` (`id`, `phone_id`, `user_id`, `use_state`) VALUES
(1, 5, 5, 'not_use'),
(2, 18, 2, 'not_use'),
(3, 1, 17, 'not_use'),
(4, 12, 17, 'not_use'),
(5, 9, 2, 'not_use'),
(15, 6, 20, 'not_use'),
(14, 13, 18, 'not_use'),
(6, 4, 21, 'not_use'),
(8, 16, 11, 'not_use'),
(7, 8, 10, 'not_use'),
(9, 7, 17, 'not_use'),
(10, 17, 6, 'not_use'),
(16, 19, 13, 'not_use'),
(11, 11, 3, 'not_use'),
(12, 15, 13, 'not_use'),
(13, 14, 13, 'not_use'),
(17, 10, 17, 'not_use'),
(18, 20, 5, 'not_use');

-- --------------------------------------------------------

--
-- 表的结构 `use_phone_log`
--

CREATE TABLE `use_phone_log` (
  `id` int(11) NOT NULL COMMENT '自增id',
  `phone_id` int(11) NOT NULL COMMENT '手机号码（phone自增id）',
  `user_id` int(11) DEFAULT NULL COMMENT '使用者号码（tester自增id）',
  `start_time` datetime DEFAULT NULL COMMENT '使用时间',
  `stop_time` datetime DEFAULT NULL COMMENT '结束时间'
) ENGINE=MyISAM DEFAULT CHARSET=utf8 COLLATE=utf8_unicode_ci;

--
-- 转存表中的数据 `use_phone_log`
--

INSERT INTO `use_phone_log` (`id`, `phone_id`, `user_id`, `start_time`, `stop_time`) VALUES
(1, 1, 8, '2020-02-12 09:24:13', '2020-02-15 09:18:47'),
(2, 4, 6, '2020-02-10 09:24:43', NULL),
(3, 7, 17, '2020-02-14 09:24:54', NULL),
(4, 18, 4, '2020-02-10 09:25:30', NULL),
(5, 8, 4, '2020-02-10 09:25:44', '2020-02-18 09:06:31'),
(6, 16, 4, '2020-02-10 09:27:09', '2020-02-27 18:48:50'),
(7, 11, 8, '2020-02-14 11:28:34', NULL),
(8, 1, 17, '2020-02-15 09:18:52', '2020-02-28 12:26:12'),
(9, 17, 8, '2020-02-15 11:23:33', NULL),
(10, 15, 13, '2020-02-18 08:01:31', '2020-02-19 13:45:53'),
(11, 14, 13, '2020-02-18 09:10:15', '2020-02-27 17:25:14'),
(12, 12, 3, '2020-02-18 09:11:58', NULL),
(13, 16, 12, '2020-02-18 15:32:36', '2020-02-27 18:48:50'),
(14, 14, 13, '2020-02-19 13:46:35', '2020-02-27 17:25:14'),
(15, 14, 13, '2020-02-20 08:55:47', '2020-02-27 17:25:14'),
(16, 5, 6, '2020-02-20 11:58:03', '2020-02-28 09:43:15'),
(17, 9, 18, '2020-02-20 17:35:26', '2020-02-27 15:49:15'),
(18, 13, 12, '2020-02-20 18:18:54', NULL),
(19, 14, 13, '2020-02-25 09:31:45', '2020-02-27 17:25:14'),
(20, 15, 3, '2020-02-25 15:09:18', NULL),
(21, 5, 8, '2020-02-27 08:52:04', '2020-02-28 09:43:15'),
(22, 6, 19, '2020-02-27 10:51:59', '2020-02-27 17:25:29'),
(23, 14, 19, '2020-02-27 17:25:18', NULL),
(24, 14, 19, NULL, '2020-02-28 15:47:44'),
(25, 1, 17, NULL, '2020-02-29 08:12:30'),
(26, 1, 19, '2020-02-29 08:12:34', NULL),
(27, 1, 19, NULL, '2020-03-03 10:23:21'),
(28, 1, 17, '2020-03-03 10:23:24', NULL),
(29, 5, 19, '2020-03-03 14:14:59', NULL),
(30, 14, 13, '2020-03-03 15:08:53', NULL),
(31, 5, 19, NULL, '2020-03-03 17:02:12'),
(32, 1, 17, NULL, '2020-03-04 18:37:09'),
(33, 1, 12, '2020-03-04 18:37:14', NULL),
(34, 16, 13, '2020-03-04 19:13:16', NULL),
(35, 1, 12, NULL, '2020-03-07 14:01:37'),
(36, 1, 17, '2020-03-07 14:01:42', NULL),
(37, 8, 4, '2020-03-12 16:33:13', NULL),
(38, 19, 4, '2020-03-12 16:33:36', NULL),
(39, 18, 4, NULL, '2020-03-12 16:53:09'),
(40, 10, 19, '2020-03-12 17:41:28', NULL),
(41, 12, 3, NULL, '2020-03-13 14:11:04'),
(42, 15, 3, NULL, '2020-03-13 14:11:11'),
(43, 10, 19, NULL, '2020-03-16 08:11:59'),
(44, 14, 13, NULL, '2020-03-16 10:49:40'),
(45, 18, 12, '2020-03-16 10:49:47', NULL),
(46, 16, 13, NULL, '2020-03-16 10:50:05'),
(47, 16, 19, '2020-03-16 17:17:05', NULL),
(48, 12, 13, '2020-03-17 21:14:13', NULL),
(49, 20, 18, '2020-03-18 08:49:25', NULL),
(50, 15, 18, '2020-03-18 08:49:45', NULL),
(51, 20, 18, NULL, '2020-03-18 20:03:58'),
(52, 8, 4, NULL, '2020-03-19 16:41:00'),
(53, 19, 4, NULL, '2020-03-19 16:41:04'),
(54, 16, 19, NULL, '2020-03-20 17:29:58'),
(55, 19, 19, '2020-03-20 17:30:35', NULL),
(56, 12, 13, NULL, '2020-03-21 08:59:40'),
(57, 16, 13, '2020-03-21 09:00:14', NULL),
(58, 20, 10, '2020-03-21 14:38:49', NULL),
(59, 15, 18, NULL, '2020-03-23 10:13:05'),
(60, 11, 8, NULL, '2020-03-23 15:56:26'),
(61, 15, 8, '2020-03-23 15:56:38', NULL),
(62, 19, 19, NULL, '2020-03-23 19:07:52'),
(63, 20, 10, NULL, '2020-03-23 19:08:10'),
(64, 19, 10, '2020-03-25 08:25:59', NULL),
(65, 19, 10, NULL, '2020-03-25 20:06:10'),
(66, 20, 1, '2020-03-26 19:43:02', NULL),
(67, 19, 1, '2020-03-26 19:43:07', NULL),
(68, 20, 1, NULL, '2020-03-26 19:43:42'),
(69, 20, 10, '2020-03-26 19:45:11', NULL),
(70, 20, 10, NULL, '2020-03-26 19:45:12'),
(71, 20, 10, '2020-03-27 10:48:25', NULL),
(72, 11, 4, '2020-03-27 11:25:53', NULL),
(73, 20, 10, NULL, '2020-03-28 14:08:21'),
(74, 20, 10, '2020-03-28 15:29:10', NULL),
(75, 20, 10, NULL, '2020-03-28 15:49:35'),
(76, 12, 19, '2020-03-30 10:17:13', NULL),
(77, 20, 17, '2020-03-30 18:53:40', NULL),
(78, 14, 17, '2020-03-30 18:53:54', NULL),
(79, 12, 19, NULL, '2020-04-03 17:38:43'),
(80, 12, 10, '2020-04-07 15:53:30', NULL),
(81, 19, 1, NULL, '2020-04-07 15:58:39'),
(82, 12, 10, NULL, '2020-04-07 17:32:14'),
(83, 11, 4, NULL, '2020-04-08 08:02:21'),
(84, 12, 10, '2020-04-08 09:08:43', NULL),
(85, 12, 10, NULL, '2020-04-08 19:26:39'),
(86, 19, 13, '2020-04-08 21:51:00', NULL),
(87, 12, 10, '2020-04-09 08:04:06', NULL),
(88, 13, 12, NULL, '2020-04-09 08:50:55'),
(89, 18, 12, NULL, '2020-04-09 08:50:58'),
(90, 18, 13, '2020-04-09 08:51:15', NULL),
(91, 18, 13, NULL, '2020-04-09 20:06:24'),
(92, 12, 10, NULL, '2020-04-09 20:50:19'),
(93, 18, 10, '2020-04-10 16:41:09', NULL),
(94, 18, 10, NULL, '2020-04-10 19:00:07'),
(95, 13, 3, '2020-04-14 09:54:46', NULL),
(96, 18, 3, '2020-04-14 09:54:53', NULL),
(97, 11, 12, '2020-04-15 09:44:14', NULL),
(98, 11, 12, NULL, '2020-04-15 09:46:52'),
(99, 12, 12, '2020-04-15 09:46:57', NULL),
(100, 11, 10, '2020-04-16 09:24:37', NULL),
(101, 19, 13, NULL, '2020-04-16 14:00:14'),
(102, 11, 10, NULL, '2020-04-17 19:57:23'),
(103, 19, 12, '2020-04-21 19:50:29', NULL),
(104, 11, 10, '2020-04-22 08:32:04', NULL),
(105, 20, 17, NULL, '2020-04-22 08:36:17'),
(106, 20, 4, '2020-04-22 08:36:24', NULL),
(107, 9, 4, '2020-04-22 08:36:29', NULL),
(108, 9, 4, NULL, '2020-04-22 09:08:46'),
(109, 5, 4, '2020-04-22 09:09:15', NULL),
(110, 11, 10, NULL, '2020-04-22 20:32:31'),
(111, 11, 10, '2020-04-23 10:03:04', NULL),
(112, 19, 12, NULL, '2020-04-23 20:20:22'),
(113, 19, 13, '2020-04-23 20:20:25', NULL),
(114, 20, 4, NULL, '2020-04-24 09:45:08'),
(115, 5, 4, NULL, '2020-04-24 09:45:14'),
(116, 20, 17, '2020-04-24 12:41:12', NULL),
(117, 11, 10, NULL, '2020-04-24 15:24:35'),
(118, 11, 10, '2020-04-27 14:24:52', NULL),
(119, 9, 18, '2020-04-28 08:20:56', NULL),
(120, 14, 17, NULL, '2020-04-28 09:12:48'),
(121, 6, 17, '2020-04-28 09:13:04', NULL),
(122, 6, 17, NULL, '2020-04-28 11:08:40'),
(123, 8, 17, '2020-04-28 11:08:46', NULL),
(124, 9, 18, NULL, '2020-04-28 11:58:54'),
(125, 14, 18, '2020-04-28 11:59:02', NULL),
(126, 8, 17, NULL, '2020-04-28 20:49:33'),
(127, 11, 10, NULL, '2020-04-30 18:36:31'),
(128, 6, 17, '2020-05-01 17:59:59', NULL),
(129, 11, 8, '2020-05-06 21:35:27', NULL),
(130, 10, 20, '2020-05-07 17:24:42', NULL),
(131, 10, 20, NULL, '2020-05-07 20:19:25'),
(132, 10, 20, '2020-05-08 08:22:33', NULL),
(133, 10, 20, NULL, '2020-05-09 18:35:03'),
(134, 19, 13, NULL, '2020-05-09 18:35:17'),
(135, 19, 13, '2020-05-11 19:05:36', NULL),
(136, 9, 4, '2020-05-12 10:29:30', NULL),
(137, 15, 8, NULL, '2020-05-14 09:22:35'),
(138, 20, 17, NULL, '2020-05-15 08:48:49'),
(139, 15, 21, '2020-05-15 08:50:22', NULL),
(140, 20, 21, '2020-05-15 08:50:25', NULL),
(141, 20, 21, NULL, '2020-05-15 14:59:26'),
(142, 20, 9, '2020-05-15 14:59:40', NULL),
(143, 11, 8, NULL, '2020-05-15 20:13:41'),
(144, 11, 21, '2020-05-16 08:20:48', NULL),
(145, 18, 3, NULL, '2020-05-16 14:09:30'),
(146, 13, 3, NULL, '2020-05-16 14:09:42'),
(147, 17, 8, NULL, '2020-05-16 17:15:42'),
(148, 11, 21, NULL, '2020-05-16 17:15:49'),
(149, 9, 4, NULL, '2020-05-16 18:25:50'),
(150, 17, 21, '2020-05-18 09:00:05', NULL),
(151, 11, 21, '2020-05-18 09:09:26', NULL),
(152, 14, 18, NULL, '2020-05-18 11:14:55'),
(153, 20, 9, NULL, '2020-05-18 14:46:02'),
(154, 11, 21, NULL, '2020-05-19 15:52:54'),
(155, 17, 21, NULL, '2020-05-19 15:54:14'),
(156, 6, 17, NULL, '2020-05-19 23:00:32'),
(157, 11, 21, '2020-05-20 08:19:25', NULL),
(158, 17, 21, '2020-05-20 08:19:30', NULL),
(159, 20, 20, '2020-05-20 10:32:17', NULL),
(160, 8, 12, '2020-05-20 14:17:30', NULL),
(161, 20, 20, NULL, '2020-05-20 14:18:14'),
(162, 19, 13, NULL, '2020-05-20 14:18:15'),
(163, 20, 12, '2020-05-20 14:18:19', NULL),
(164, 19, 13, '2020-05-20 14:18:30', NULL),
(165, 16, 13, NULL, '2020-05-20 14:18:41'),
(166, 17, 21, NULL, '2020-05-20 18:39:55'),
(167, 15, 21, NULL, '2020-05-20 18:40:01'),
(168, 17, 21, '2020-05-21 09:58:17', NULL),
(169, 15, 8, '2020-05-21 09:59:08', NULL),
(170, 16, 21, '2020-05-21 10:05:05', NULL),
(171, 4, 6, NULL, '2020-05-21 10:48:41'),
(172, 1, 17, NULL, '2020-05-21 10:48:45'),
(173, 1, 17, '2020-05-21 15:48:40', NULL),
(174, 4, 6, '2020-05-21 15:53:24', NULL),
(175, 16, 21, NULL, '2020-05-22 08:34:32'),
(176, 16, 7, '2020-05-22 17:35:55', NULL),
(177, 9, 4, '2020-05-22 17:36:47', NULL),
(178, 16, 7, NULL, '2020-05-22 18:00:10'),
(179, 17, 21, NULL, '2020-05-22 18:00:22'),
(180, 16, 7, '2020-05-22 18:00:43', NULL),
(181, 11, 21, NULL, '2020-05-22 18:00:52'),
(182, 17, 8, '2020-05-25 09:43:12', NULL),
(183, 18, 3, '2020-05-25 10:10:16', NULL),
(184, 14, 3, '2020-05-25 10:10:51', NULL),
(185, 5, 22, '2020-05-25 11:29:07', NULL),
(186, 5, 22, NULL, '2020-05-26 10:11:00'),
(187, 5, 22, '2020-05-26 14:36:38', NULL),
(188, 12, 12, NULL, '2020-05-27 18:50:24'),
(189, 20, 12, NULL, '2020-05-27 18:50:29'),
(190, 9, 4, NULL, '2020-05-28 16:59:55'),
(191, 17, 8, NULL, '2020-05-28 18:51:30'),
(192, 20, 17, '2020-05-28 20:00:23', NULL),
(193, 12, 17, '2020-05-28 20:00:28', NULL),
(194, 5, 22, NULL, '2020-05-29 10:20:52'),
(195, 8, 12, NULL, '2020-05-29 14:25:03'),
(196, 4, 6, NULL, '2020-05-30 16:32:51'),
(197, 4, 8, '2020-05-30 16:33:03', NULL),
(198, 16, 7, NULL, '2020-05-30 16:33:16'),
(199, 16, 8, '2020-05-30 16:33:21', NULL),
(200, 17, 6, '2020-06-01 08:27:18', NULL),
(201, 11, 21, '2020-06-01 10:04:34', NULL),
(202, 11, 21, NULL, '2020-06-01 20:24:33'),
(203, 4, 8, NULL, '2020-06-01 20:25:06'),
(204, 11, 21, '2020-06-02 08:47:04', NULL),
(205, 4, 21, '2020-06-02 08:47:17', NULL),
(206, 11, 21, NULL, '2020-06-02 19:05:36'),
(207, 4, 21, NULL, '2020-06-02 19:05:39'),
(208, 16, 8, NULL, '2020-06-02 20:08:37'),
(209, 4, 21, '2020-06-03 08:48:18', NULL),
(210, 11, 21, '2020-06-03 08:48:38', NULL),
(211, 6, 21, '2020-06-03 11:31:18', NULL),
(212, 16, 21, '2020-06-03 11:31:26', NULL),
(213, 6, 21, NULL, '2020-06-03 21:03:43'),
(214, 11, 21, NULL, '2020-06-03 21:03:44'),
(215, 16, 21, NULL, '2020-06-03 21:03:45'),
(216, 13, 13, '2020-06-04 20:20:14', NULL),
(217, 16, 21, '2020-06-04 20:22:25', NULL),
(218, 11, 21, '2020-06-05 08:35:54', NULL),
(219, 16, 21, NULL, '2020-06-05 08:40:47'),
(220, 16, 7, '2020-06-05 08:40:52', NULL),
(221, 11, 21, NULL, '2020-06-05 18:47:32'),
(222, 4, 21, NULL, '2020-06-05 18:47:35'),
(223, 16, 7, NULL, '2020-06-08 08:59:52'),
(224, 4, 8, '2020-06-08 09:00:10', NULL),
(225, 16, 20, '2020-06-08 14:56:11', NULL),
(226, 17, 6, NULL, '2020-06-08 15:08:49'),
(227, 16, 20, NULL, '2020-06-08 15:09:04'),
(228, 11, 21, '2020-06-09 08:21:10', NULL),
(229, 17, 21, '2020-06-09 08:21:30', NULL),
(230, 16, 19, '2020-06-09 14:46:54', NULL),
(231, 11, 21, NULL, '2020-06-09 21:00:07'),
(232, 17, 21, NULL, '2020-06-09 21:00:08'),
(233, 11, 21, '2020-06-10 08:11:56', NULL),
(234, 17, 21, '2020-06-10 08:12:04', NULL),
(235, 16, 19, NULL, '2020-06-10 17:50:41'),
(236, 19, 13, NULL, '2020-06-10 17:50:58'),
(237, 19, 13, '2020-06-10 17:51:47', NULL),
(238, 11, 21, NULL, '2020-06-11 19:07:39'),
(239, 17, 21, NULL, '2020-06-11 19:07:44'),
(240, 17, 19, '2020-06-11 19:13:42', NULL),
(241, 16, 19, '2020-06-11 20:33:30', NULL),
(242, 17, 19, NULL, '2020-06-12 09:55:05'),
(243, 17, 19, '2020-06-12 09:55:12', NULL),
(244, 16, 19, NULL, '2020-06-12 09:55:14'),
(245, 14, 3, NULL, '2020-06-12 10:03:10'),
(246, 18, 3, NULL, '2020-06-12 10:03:14'),
(247, 17, 19, NULL, '2020-06-12 13:35:54'),
(248, 11, 21, '2020-06-12 20:31:42', NULL),
(249, 11, 21, NULL, '2020-06-15 08:31:22'),
(250, 14, 3, '2020-06-15 08:34:51', NULL),
(251, 18, 3, '2020-06-15 08:35:04', NULL),
(252, 20, 17, NULL, '2020-06-15 08:56:21'),
(253, 20, 20, '2020-06-15 08:56:24', NULL),
(254, 20, 20, NULL, '2020-06-15 11:53:24'),
(255, 16, 3, '2020-06-16 09:21:54', NULL),
(256, 9, 3, '2020-06-16 09:22:10', NULL),
(257, 17, 3, '2020-06-16 09:22:20', NULL),
(258, 20, 3, '2020-06-16 09:22:27', NULL),
(259, 12, 17, NULL, '2020-06-16 09:30:03'),
(260, 12, 2, '2020-06-16 10:02:47', NULL),
(261, 11, 21, '2020-06-16 10:51:25', NULL),
(262, 4, 8, NULL, '2020-06-16 10:51:32'),
(263, 4, 21, '2020-06-16 10:51:36', NULL),
(264, 11, 21, NULL, '2020-06-17 08:04:04'),
(265, 18, 3, NULL, '2020-06-17 08:04:08'),
(266, 11, 21, '2020-06-18 09:15:56', NULL),
(267, 19, 13, NULL, '2020-06-18 14:40:57'),
(268, 19, 5, '2020-06-18 14:41:00', NULL),
(269, 8, 5, '2020-06-18 14:41:27', NULL),
(270, 17, 3, NULL, '2020-06-18 17:39:44'),
(271, 9, 3, NULL, '2020-06-18 17:40:21'),
(272, 16, 3, NULL, '2020-06-18 17:41:17'),
(273, 20, 3, NULL, '2020-06-18 17:41:20'),
(274, 20, 6, '2020-06-18 17:41:28', NULL),
(275, 7, 17, NULL, '2020-06-18 19:11:42'),
(276, 1, 17, NULL, '2020-06-18 19:11:47'),
(277, 18, 21, '2020-06-18 19:14:30', NULL),
(278, 8, 5, NULL, '2020-06-19 17:58:53'),
(279, 19, 5, NULL, '2020-06-19 17:58:55'),
(280, 1, 17, '2020-06-22 08:54:22', NULL),
(281, 7, 17, '2020-06-22 08:54:34', NULL),
(282, 18, 21, NULL, '2020-06-22 08:54:44'),
(283, 11, 21, NULL, '2020-06-22 08:54:46'),
(284, 15, 8, NULL, '2020-06-22 08:55:18'),
(285, 15, 17, '2020-06-22 19:35:57', NULL),
(286, 19, 17, '2020-06-22 19:36:06', NULL),
(287, 18, 13, '2020-06-22 19:37:04', NULL),
(288, 16, 21, '2020-06-23 09:04:43', NULL),
(289, 17, 9, '2020-06-23 15:06:04', NULL),
(290, 11, 21, '2020-06-23 16:05:59', NULL),
(291, 4, 21, NULL, '2020-06-23 17:20:29'),
(292, 4, 6, '2020-06-23 17:20:33', NULL),
(293, 4, 6, NULL, '2020-06-24 18:01:36'),
(294, 11, 21, NULL, '2020-06-24 18:01:40'),
(295, 16, 21, NULL, '2020-06-24 18:01:43'),
(296, 16, 11, '2020-06-28 08:52:00', NULL),
(297, 8, 20, '2020-06-28 15:58:23', NULL),
(298, 8, 20, NULL, '2020-06-28 17:01:02'),
(299, 5, 20, '2020-06-28 17:01:11', NULL),
(300, 5, 20, NULL, '2020-06-28 17:04:17'),
(301, 10, 20, '2020-06-29 10:14:24', NULL),
(302, 19, 17, NULL, '2020-06-30 10:47:27'),
(303, 15, 17, NULL, '2020-06-30 10:47:32'),
(304, 15, 2, '2020-06-30 10:47:45', NULL),
(305, 19, 2, '2020-06-30 10:47:48', NULL),
(306, 4, 20, '2020-06-30 10:57:38', NULL),
(307, 17, 9, NULL, '2020-06-30 15:12:41'),
(308, 17, 21, '2020-06-30 15:12:45', NULL),
(309, 11, 8, '2020-07-01 19:09:00', NULL),
(310, 15, 2, NULL, '2020-07-02 10:30:08'),
(311, 15, 21, '2020-07-02 10:30:20', NULL),
(312, 12, 2, NULL, '2020-07-02 10:30:30'),
(313, 12, 21, '2020-07-02 10:30:37', NULL),
(314, 10, 20, NULL, '2020-07-03 18:39:46'),
(315, 11, 8, NULL, '2020-07-03 18:39:47'),
(316, 12, 21, NULL, '2020-07-03 18:39:50'),
(317, 15, 21, NULL, '2020-07-03 18:39:55'),
(318, 17, 21, NULL, '2020-07-03 18:39:59'),
(319, 11, 4, '2020-07-04 09:43:38', NULL),
(320, 18, 13, NULL, '2020-07-04 11:28:32'),
(321, 18, 2, '2020-07-04 11:28:40', NULL),
(322, 19, 2, NULL, '2020-07-04 11:28:41'),
(323, 19, 13, '2020-07-04 11:29:30', NULL),
(324, 17, 5, '2020-07-06 09:25:47', NULL),
(325, 9, 5, '2020-07-06 09:26:25', NULL),
(326, 12, 19, '2020-07-06 09:40:06', NULL),
(327, 4, 20, NULL, '2020-07-06 09:47:11'),
(328, 12, 19, NULL, '2020-07-06 09:48:24'),
(329, 8, 19, '2020-07-06 09:53:26', NULL),
(330, 8, 19, NULL, '2020-07-06 13:37:25'),
(331, 6, 19, '2020-07-06 13:37:30', NULL),
(332, 6, 19, NULL, '2020-07-06 15:27:50'),
(333, 20, 6, NULL, '2020-07-06 15:50:40'),
(334, 20, 4, '2020-07-06 15:50:49', NULL),
(335, 5, 5, '2020-07-06 15:54:42', NULL),
(336, 4, 21, '2020-07-06 15:56:03', NULL),
(337, 12, 21, '2020-07-06 15:56:16', NULL),
(338, 15, 21, '2020-07-06 15:56:23', NULL),
(339, 6, 20, '2020-07-07 10:46:30', NULL),
(340, 8, 20, '2020-07-07 10:46:35', NULL),
(341, 17, 5, NULL, '2020-07-07 11:07:31'),
(342, 17, 20, '2020-07-07 11:07:34', NULL),
(343, 8, 20, NULL, '2020-07-07 14:30:46'),
(344, 17, 20, NULL, '2020-07-07 14:30:55'),
(345, 17, 8, '2020-07-07 14:33:02', NULL),
(346, 8, 8, '2020-07-07 14:33:08', NULL),
(347, 6, 20, NULL, '2020-07-07 15:18:57'),
(348, 4, 21, NULL, '2020-07-07 18:04:54'),
(349, 12, 21, NULL, '2020-07-07 18:05:05'),
(350, 15, 21, NULL, '2020-07-07 18:05:12'),
(351, 4, 21, '2020-07-08 09:04:39', NULL),
(352, 12, 21, '2020-07-08 09:04:56', NULL),
(353, 15, 21, '2020-07-08 09:07:06', NULL),
(354, 5, 5, NULL, '2020-07-08 11:47:13'),
(355, 5, 20, '2020-07-08 11:47:18', NULL),
(356, 9, 5, NULL, '2020-07-08 11:47:22'),
(357, 9, 20, '2020-07-08 11:47:31', NULL),
(358, 9, 20, NULL, '2020-07-08 19:05:18'),
(359, 5, 20, NULL, '2020-07-10 09:16:39'),
(360, 15, 21, NULL, '2020-07-10 18:57:13'),
(361, 12, 21, NULL, '2020-07-10 18:57:20'),
(362, 4, 21, NULL, '2020-07-10 18:57:27'),
(363, 4, 5, '2020-07-10 18:58:01', NULL),
(364, 5, 5, '2020-07-10 18:58:10', NULL),
(365, 4, 5, NULL, '2020-07-12 18:06:06'),
(366, 13, 13, NULL, '2020-07-12 18:35:45'),
(367, 19, 13, NULL, '2020-07-12 18:35:49'),
(368, 19, 19, '2020-07-14 08:12:28', NULL),
(369, 12, 20, '2020-07-14 15:21:51', NULL),
(370, 12, 20, NULL, '2020-07-14 16:25:37'),
(371, 19, 19, NULL, '2020-07-15 08:06:52'),
(372, 13, 20, '2020-07-15 08:28:20', NULL),
(373, 6, 20, '2020-07-15 08:28:28', NULL),
(374, 15, 20, '2020-07-15 08:28:37', NULL),
(375, 19, 20, '2020-07-15 08:28:42', NULL),
(376, 6, 20, NULL, '2020-07-15 16:25:18'),
(377, 13, 20, NULL, '2020-07-15 16:25:20'),
(378, 15, 20, NULL, '2020-07-15 16:25:21'),
(379, 19, 20, NULL, '2020-07-15 16:25:22'),
(380, 5, 5, NULL, '2020-07-15 17:13:56'),
(381, 19, 19, '2020-07-15 17:44:19', NULL),
(382, 12, 17, '2020-07-16 08:40:34', NULL),
(383, 10, 17, '2020-07-16 08:40:52', NULL),
(384, 11, 4, NULL, '2020-07-16 08:58:41'),
(385, 11, 18, '2020-07-16 08:58:44', NULL),
(386, 9, 2, '2020-07-16 08:59:07', NULL),
(387, 19, 19, NULL, '2020-07-16 09:05:37'),
(388, 19, 17, '2020-07-16 09:59:36', NULL),
(389, 15, 13, '2020-07-16 20:25:34', NULL),
(390, 15, 13, NULL, '2020-07-17 17:33:07'),
(391, 19, 17, NULL, '2020-07-20 09:03:26'),
(392, 12, 17, NULL, '2020-07-20 09:03:28'),
(393, 10, 17, NULL, '2020-07-20 09:03:51'),
(394, 15, 13, '2020-07-20 09:23:20', NULL),
(395, 19, 19, '2020-07-20 11:01:17', NULL),
(396, 19, 19, NULL, '2020-07-20 11:08:08'),
(397, 20, 4, NULL, '2020-07-20 14:01:44'),
(398, 20, 6, '2020-07-20 14:01:47', NULL),
(399, 4, 3, '2020-07-20 16:58:38', NULL),
(400, 11, 18, NULL, '2020-07-20 18:51:17'),
(401, 4, 3, NULL, '2020-07-21 10:44:33'),
(402, 4, 20, '2020-07-23 09:36:23', NULL),
(403, 19, 3, '2020-07-23 09:41:39', NULL),
(404, 11, 20, '2020-07-24 13:43:50', NULL),
(405, 8, 8, NULL, '2020-07-24 17:09:39'),
(406, 17, 8, NULL, '2020-07-24 17:09:46'),
(407, 19, 3, NULL, '2020-07-25 09:58:20'),
(408, 11, 20, NULL, '2020-07-27 09:08:54'),
(409, 15, 13, NULL, '2020-07-27 09:08:56'),
(410, 11, 13, '2020-07-27 09:09:02', NULL),
(411, 17, 13, '2020-07-27 09:09:17', NULL),
(412, 11, 13, NULL, '2020-07-27 09:11:16'),
(413, 12, 13, '2020-07-27 09:11:22', NULL),
(414, 8, 10, '2020-07-27 14:22:11', NULL),
(415, 8, 10, NULL, '2020-07-27 20:21:49'),
(416, 8, 10, '2020-07-28 08:13:42', NULL),
(417, 19, 20, '2020-07-28 14:40:25', NULL),
(418, 4, 20, NULL, '2020-07-28 14:40:32'),
(419, 4, 10, '2020-07-28 14:40:44', NULL),
(420, 4, 10, NULL, '2020-07-28 20:56:00'),
(421, 8, 10, NULL, '2020-07-28 20:56:05'),
(422, 15, 8, '2020-07-29 15:08:16', NULL),
(423, 20, 6, NULL, '2020-07-29 15:08:20'),
(424, 20, 8, '2020-07-29 15:08:23', NULL),
(425, 4, 20, '2020-07-29 15:32:49', NULL),
(426, 13, 20, '2020-07-29 15:33:02', NULL),
(427, 4, 20, NULL, '2020-07-29 16:02:29'),
(428, 11, 13, '2020-07-31 11:25:13', NULL),
(429, 9, 2, NULL, '2020-07-31 14:57:27'),
(430, 13, 20, NULL, '2020-07-31 14:57:45'),
(431, 13, 18, '2020-07-31 14:57:54', NULL),
(432, 4, 6, '2020-08-03 08:34:12', NULL),
(433, 17, 13, NULL, '2020-08-03 20:31:54'),
(434, 17, 21, '2020-08-03 20:32:01', NULL),
(435, 19, 20, NULL, '2020-08-03 20:32:18'),
(436, 19, 13, '2020-08-03 20:32:22', NULL),
(437, 12, 13, NULL, '2020-08-04 14:12:28'),
(438, 19, 13, NULL, '2020-08-04 14:12:32'),
(439, 19, 3, '2020-08-05 08:05:02', NULL),
(440, 8, 10, '2020-08-05 14:30:29', NULL),
(441, 8, 10, NULL, '2020-08-06 08:07:12'),
(442, 17, 21, NULL, '2020-08-06 08:38:55'),
(443, 17, 13, '2020-08-06 08:38:58', NULL),
(444, 17, 13, NULL, '2020-08-06 17:46:59'),
(445, 12, 10, '2020-08-07 08:14:29', NULL),
(446, 12, 10, NULL, '2020-08-07 20:17:23'),
(447, 14, 3, NULL, '2020-08-08 17:19:02'),
(448, 19, 3, NULL, '2020-08-08 17:19:07'),
(449, 19, 13, '2020-08-08 17:19:18', NULL),
(450, 15, 8, NULL, '2020-08-09 22:53:01'),
(451, 20, 8, NULL, '2020-08-09 22:53:06'),
(452, 15, 13, '2020-08-10 10:12:18', NULL),
(453, 15, 13, NULL, '2020-08-12 18:41:21'),
(454, 19, 13, NULL, '2020-08-12 18:41:30'),
(455, 11, 13, NULL, '2020-08-12 18:41:31'),
(456, 11, 20, '2020-08-12 18:41:59', NULL),
(457, 19, 13, '2020-08-17 15:41:11', NULL),
(458, 12, 13, '2020-08-17 15:41:22', NULL),
(459, 15, 13, '2020-08-17 15:42:09', NULL),
(460, 12, 13, NULL, '2020-08-17 15:42:10'),
(461, 14, 13, '2020-08-19 17:04:19', NULL),
(462, 4, 6, NULL, '2020-08-19 17:50:16'),
(463, 4, 5, '2020-08-19 17:50:20', NULL),
(464, 17, 6, '2020-08-19 17:50:24', NULL),
(465, 12, 19, '2020-08-20 17:31:22', NULL),
(466, 4, 5, NULL, '2020-08-20 17:31:29'),
(467, 4, 19, '2020-08-20 19:04:25', NULL),
(468, 11, 20, NULL, '2020-08-22 17:08:59'),
(469, 11, 3, '2020-08-22 17:09:03', NULL),
(470, 20, 10, '2020-08-25 13:57:29', NULL),
(471, 20, 10, NULL, '2020-08-29 09:13:28'),
(472, 4, 19, NULL, '2020-08-31 16:30:49'),
(473, 12, 19, NULL, '2020-08-31 16:30:59'),
(474, 20, 10, '2020-09-08 08:10:55', NULL),
(475, 4, 13, '2020-09-10 08:38:40', NULL),
(476, 14, 13, NULL, '2020-09-10 08:38:53'),
(477, 19, 13, NULL, '2020-09-10 08:38:56'),
(478, 4, 13, NULL, '2020-09-10 16:40:49'),
(479, 4, 21, '2020-09-10 16:40:58', NULL),
(480, 7, 17, NULL, '2020-09-10 17:00:00'),
(481, 12, 17, '2020-09-10 17:00:06', NULL),
(482, 7, 17, '2020-09-10 17:21:39', NULL),
(483, 20, 10, NULL, '2020-09-11 09:12:33'),
(484, 20, 5, '2020-09-11 09:12:38', NULL),
(485, 19, 13, '2020-09-11 18:53:54', NULL),
(486, 13, 18, NULL, '2020-10-17 08:16:58'),
(487, 1, 17, NULL, '2021-06-18 13:42:59'),
(488, 4, 21, NULL, '2021-06-18 13:43:00'),
(489, 7, 17, NULL, '2021-06-18 13:43:02'),
(490, 11, 3, NULL, '2021-06-18 13:43:03'),
(491, 12, 17, NULL, '2021-06-18 13:43:03'),
(492, 15, 13, NULL, '2021-06-18 13:43:05'),
(493, 16, 11, NULL, '2021-06-18 13:43:06'),
(494, 17, 6, NULL, '2021-06-18 13:43:07'),
(495, 18, 2, NULL, '2021-06-18 13:43:07'),
(496, 19, 13, NULL, '2021-06-18 13:43:08'),
(497, 20, 5, NULL, '2021-06-18 13:43:09'),
(498, 12, 17, '2021-06-18 13:43:50', NULL),
(499, 12, 17, NULL, '2021-06-18 13:43:53');

--
-- 转储表的索引
--

--
-- 表的索引 `phone`
--
ALTER TABLE `phone`
  ADD PRIMARY KEY (`id`);

--
-- 表的索引 `tester`
--
ALTER TABLE `tester`
  ADD PRIMARY KEY (`id`);

--
-- 表的索引 `use_phone`
--
ALTER TABLE `use_phone`
  ADD PRIMARY KEY (`id`);

--
-- 表的索引 `use_phone_log`
--
ALTER TABLE `use_phone_log`
  ADD PRIMARY KEY (`id`);

--
-- 在导出的表使用AUTO_INCREMENT
--

--
-- 使用表AUTO_INCREMENT `phone`
--
ALTER TABLE `phone`
  MODIFY `id` int(11) NOT NULL AUTO_INCREMENT, AUTO_INCREMENT=21;

--
-- 使用表AUTO_INCREMENT `tester`
--
ALTER TABLE `tester`
  MODIFY `id` int(11) NOT NULL AUTO_INCREMENT, AUTO_INCREMENT=23;

--
-- 使用表AUTO_INCREMENT `use_phone`
--
ALTER TABLE `use_phone`
  MODIFY `id` int(11) NOT NULL AUTO_INCREMENT COMMENT '自增id', AUTO_INCREMENT=19;

--
-- 使用表AUTO_INCREMENT `use_phone_log`
--
ALTER TABLE `use_phone_log`
  MODIFY `id` int(11) NOT NULL AUTO_INCREMENT COMMENT '自增id', AUTO_INCREMENT=500;
COMMIT;

/*!40101 SET CHARACTER_SET_CLIENT=@OLD_CHARACTER_SET_CLIENT */;
/*!40101 SET CHARACTER_SET_RESULTS=@OLD_CHARACTER_SET_RESULTS */;
/*!40101 SET COLLATION_CONNECTION=@OLD_COLLATION_CONNECTION */;
